﻿{"data":[{"Properties":{"domain":"DM.COM","name":"DEFAULT DOMAIN CONTROLLERS POLICY@DM.COM","distinguishedname":"CN={6AC1786C-016F-11D2-945F-00C04FB984F9},CN=POLICIES,CN=SYSTEM,DC=DM,DC=COM","domainsid":"S-1-5-21-1606558351-3154278411-2097635151","highvalue":false,"description":null,"whencreated":1682165575,"gpcpath":"\\\\DM.COM\\SYSVOL\\DM.COM\\POLICIES\\{6AC1786C-016F-11D2-945F-00C04FB984F9}"},"Aces":[{"PrincipalSID":"S-1-5-21-1606558351-3154278411-2097635151-512","PrincipalType":"Group","RightName":"Owns","IsInherited":false},{"PrincipalSID":"S-1-5-21-1606558351-3154278411-2097635151-512","PrincipalType":"Group","RightName":"WriteDacl","IsInherited":false},{"PrincipalSID":"S-1-5-21-1606558351-3154278411-2097635151-512","PrincipalType":"Group","RightName":"WriteOwner","IsInherited":false},{"PrincipalSID":"S-1-5-21-1606558351-3154278411-2097635151-512","PrincipalType":"Group","RightName":"GenericWrite","IsInherited":false},{"PrincipalSID":"S-1-5-21-1606558351-3154278411-2097635151-512","PrincipalType":"Group","RightName":"WriteDacl","IsInherited":false},{"PrincipalSID":"S-1-5-21-1606558351-3154278411-2097635151-512","PrincipalType":"Group","RightName":"WriteOwner","IsInherited":false},{"PrincipalSID":"S-1-5-21-1606558351-3154278411-2097635151-512","PrincipalType":"Group","RightName":"GenericWrite","IsInherited":false},{"PrincipalSID":"S-1-5-21-1606558351-3154278411-2097635151-519","PrincipalType":"Group","RightName":"WriteDacl","IsInherited":false},{"PrincipalSID":"S-1-5-21-1606558351-3154278411-2097635151-519","PrincipalType":"Group","RightName":"WriteOwner","IsInherited":false},{"PrincipalSID":"S-1-5-21-1606558351-3154278411-2097635151-519","PrincipalType":"Group","RightName":"GenericWrite","IsInherited":false}],"ObjectIdentifier":"561EEAAE-F808-400F-99A4-78E9EB1A892E","IsDeleted":false,"IsACLProtected":true},{"Properties":{"domain":"DM.COM","name":"DEFAULT DOMAIN POLICY@DM.COM","distinguishedname":"CN={31B2F340-016D-11D2-945F-00C04FB984F9},CN=POLICIES,CN=SYSTEM,DC=DM,DC=COM","domainsid":"S-1-5-21-1606558351-3154278411-2097635151","highvalue":false,"description":null,"whencreated":1682165575,"gpcpath":"\\\\DM.COM\\SYSVOL\\DM.COM\\POLICIES\\{31B2F340-016D-11D2-945F-00C04FB984F9}"},"Aces":[{"PrincipalSID":"S-1-5-21-1606558351-3154278411-2097635151-512","PrincipalType":"Group","RightName":"Owns","IsInherited":false},{"PrincipalSID":"S-1-5-21-1606558351-3154278411-2097635151-512","PrincipalType":"Group","RightName":"WriteDacl","IsInherited":false},{"PrincipalSID":"S-1-5-21-1606558351-3154278411-2097635151-512","PrincipalType":"Group","RightName":"WriteOwner","IsInherited":false},{"PrincipalSID":"S-1-5-21-1606558351-3154278411-2097635151-512","PrincipalType":"Group","RightName":"GenericWrite","IsInherited":false},{"PrincipalSID":"S-1-5-21-1606558351-3154278411-2097635151-512","PrincipalType":"Group","RightName":"WriteDacl","IsInherited":false},{"PrincipalSID":"S-1-5-21-1606558351-3154278411-2097635151-512","PrincipalType":"Group","RightName":"WriteOwner","IsInherited":false},{"PrincipalSID":"S-1-5-21-1606558351-3154278411-2097635151-512","PrincipalType":"Group","RightName":"GenericWrite","IsInherited":false},{"PrincipalSID":"S-1-5-21-1606558351-3154278411-2097635151-519","PrincipalType":"Group","RightName":"WriteDacl","IsInherited":false},{"PrincipalSID":"S-1-5-21-1606558351-3154278411-2097635151-519","PrincipalType":"Group","RightName":"WriteOwner","IsInherited":false},{"PrincipalSID":"S-1-5-21-1606558351-3154278411-2097635151-519","PrincipalType":"Group","RightName":"GenericWrite","IsInherited":false}],"ObjectIdentifier":"85CE528F-8241-4477-BBF8-68C3BA20502B","IsDeleted":false,"IsACLProtected":true}],"meta":{"methods":29675,"type":"gpos","count":2,"version":5}}