﻿{"data":[{"Properties":{"domain":"DM.COM","name":"RPCSERVICES@DM.COM","distinguishedname":"CN=RPCSERVICES,CN=SYSTEM,DC=DM,DC=COM","domainsid":"S-1-5-21-1606558351-3154278411-2097635151","highvalue":false},"ChildObjects":[],"Aces":[{"PrincipalSID":"S-1-5-21-1606558351-3154278411-2097635151-512","PrincipalType":"Group","RightName":"Owns","IsInherited":false},{"PrincipalSID":"S-1-5-21-1606558351-3154278411-2097635151-512","PrincipalType":"Group","RightName":"WriteDacl","IsInherited":false},{"PrincipalSID":"S-1-5-21-1606558351-3154278411-2097635151-512","PrincipalType":"Group","RightName":"WriteOwner","IsInherited":false},{"PrincipalSID":"S-1-5-21-1606558351-3154278411-2097635151-519","PrincipalType":"Group","RightName":"GenericAll","IsInherited":true},{"PrincipalSID":"S-1-5-21-1606558351-3154278411-2097635151-2587","PrincipalType":"User","RightName":"GenericAll","IsInherited":true},{"PrincipalSID":"S-1-5-21-1606558351-3154278411-2097635151-4138","PrincipalType":"Computer","RightName":"GenericAll","IsInherited":true},{"PrincipalSID":"DM.COM-S-1-5-32-544","PrincipalType":"Group","RightName":"WriteDacl","IsInherited":true},{"PrincipalSID":"DM.COM-S-1-5-32-544","PrincipalType":"Group","RightName":"WriteOwner","IsInherited":true}],"ObjectIdentifier":"85E4F934-22E0-467A-848B-941AE42D3DC6","IsDeleted":false,"IsACLProtected":false},{"Properties":{"domain":"DM.COM","name":"FOREIGNSECURITYPRINCIPALS@DM.COM","distinguishedname":"CN=FOREIGNSECURITYPRINCIPALS,DC=DM,DC=COM","domainsid":"S-1-5-21-1606558351-3154278411-2097635151","highvalue":false},"ChildObjects":[],"Aces":[{"PrincipalSID":"S-1-5-21-1606558351-3154278411-2097635151-512","PrincipalType":"Group","RightName":"Owns","IsInherited":false},{"PrincipalSID":"S-1-5-21-1606558351-3154278411-2097635151-512","PrincipalType":"Group","RightName":"GenericAll","IsInherited":false},{"PrincipalSID":"S-1-5-21-1606558351-3154278411-2097635151-519","PrincipalType":"Group","RightName":"GenericAll","IsInherited":true},{"PrincipalSID":"S-1-5-21-1606558351-3154278411-2097635151-2587","PrincipalType":"User","RightName":"GenericAll","IsInherited":true},{"PrincipalSID":"S-1-5-21-1606558351-3154278411-2097635151-4138","PrincipalType":"Computer","RightName":"GenericAll","IsInherited":true},{"PrincipalSID":"DM.COM-S-1-5-32-544","PrincipalType":"Group","RightName":"WriteDacl","IsInherited":true},{"PrincipalSID":"DM.COM-S-1-5-32-544","PrincipalType":"Group","RightName":"WriteOwner","IsInherited":true}],"ObjectIdentifier":"4A66C7BE-B114-4945-A208-B1C3D0233609","IsDeleted":false,"IsACLProtected":false},{"Properties":{"domain":"DM.COM","name":"ADMINSDHOLDER@DM.COM","distinguishedname":"CN=ADMINSDHOLDER,CN=SYSTEM,DC=DM,DC=COM","domainsid":"S-1-5-21-1606558351-3154278411-2097635151","highvalue":false},"ChildObjects":[],"Aces":[{"PrincipalSID":"S-1-5-21-1606558351-3154278411-2097635151-512","PrincipalType":"Group","RightName":"Owns","IsInherited":false},{"PrincipalSID":"DM.COM-S-1-5-32-544","PrincipalType":"Group","RightName":"WriteDacl","IsInherited":false},{"PrincipalSID":"DM.COM-S-1-5-32-544","PrincipalType":"Group","RightName":"WriteOwner","IsInherited":false},{"PrincipalSID":"S-1-5-21-1606558351-3154278411-2097635151-512","PrincipalType":"Group","RightName":"WriteDacl","IsInherited":false},{"PrincipalSID":"S-1-5-21-1606558351-3154278411-2097635151-512","PrincipalType":"Group","RightName":"WriteOwner","IsInherited":false},{"PrincipalSID":"S-1-5-21-1606558351-3154278411-2097635151-519","PrincipalType":"Group","RightName":"WriteDacl","IsInherited":false},{"PrincipalSID":"S-1-5-21-1606558351-3154278411-2097635151-519","PrincipalType":"Group","RightName":"WriteOwner","IsInherited":false}],"ObjectIdentifier":"B63CE8DB-E41B-4F87-8BE8-D8B6747308F4","IsDeleted":false,"IsACLProtected":true},{"Properties":{"domain":"DM.COM","name":"RAS AND IAS SERVERS ACCESS CHECK@DM.COM","distinguishedname":"CN=RAS AND IAS SERVERS ACCESS CHECK,CN=SYSTEM,DC=DM,DC=COM","domainsid":"S-1-5-21-1606558351-3154278411-2097635151","highvalue":false},"ChildObjects":[],"Aces":[{"PrincipalSID":"S-1-5-21-1606558351-3154278411-2097635151-512","PrincipalType":"Group","RightName":"Owns","IsInherited":false},{"PrincipalSID":"S-1-5-21-1606558351-3154278411-2097635151-553","PrincipalType":"Group","RightName":"WriteDacl","IsInherited":false},{"PrincipalSID":"S-1-5-21-1606558351-3154278411-2097635151-553","PrincipalType":"Group","RightName":"WriteOwner","IsInherited":false},{"PrincipalSID":"S-1-5-21-1606558351-3154278411-2097635151-519","PrincipalType":"Group","RightName":"GenericAll","IsInherited":true},{"PrincipalSID":"S-1-5-21-1606558351-3154278411-2097635151-2587","PrincipalType":"User","RightName":"GenericAll","IsInherited":true},{"PrincipalSID":"S-1-5-21-1606558351-3154278411-2097635151-4138","PrincipalType":"Computer","RightName":"GenericAll","IsInherited":true},{"PrincipalSID":"DM.COM-S-1-5-32-544","PrincipalType":"Group","RightName":"WriteDacl","IsInherited":true},{"PrincipalSID":"DM.COM-S-1-5-32-544","PrincipalType":"Group","RightName":"WriteOwner","IsInherited":true}],"ObjectIdentifier":"8EAB756B-5340-4E7C-94DD-AE17FF6E9F9F","IsDeleted":false,"IsACLProtected":false},{"Properties":{"domain":"DM.COM","name":"COMPARTITIONSETS@DM.COM","distinguishedname":"CN=COMPARTITIONSETS,CN=SYSTEM,DC=DM,DC=COM","domainsid":"S-1-5-21-1606558351-3154278411-2097635151","highvalue":false},"ChildObjects":[],"Aces":[{"PrincipalSID":"S-1-5-21-1606558351-3154278411-2097635151-512","PrincipalType":"Group","RightName":"Owns","IsInherited":false},{"PrincipalSID":"S-1-5-21-1606558351-3154278411-2097635151-512","PrincipalType":"Group","RightName":"WriteDacl","IsInherited":false},{"PrincipalSID":"S-1-5-21-1606558351-3154278411-2097635151-512","PrincipalType":"Group","RightName":"WriteOwner","IsInherited":false},{"PrincipalSID":"S-1-5-21-1606558351-3154278411-2097635151-519","PrincipalType":"Group","RightName":"GenericAll","IsInherited":true},{"PrincipalSID":"S-1-5-21-1606558351-3154278411-2097635151-2587","PrincipalType":"User","RightName":"GenericAll","IsInherited":true},{"PrincipalSID":"S-1-5-21-1606558351-3154278411-2097635151-4138","PrincipalType":"Computer","RightName":"GenericAll","IsInherited":true},{"PrincipalSID":"DM.COM-S-1-5-32-544","PrincipalType":"Group","RightName":"WriteDacl","IsInherited":true},{"PrincipalSID":"DM.COM-S-1-5-32-544","PrincipalType":"Group","RightName":"WriteOwner","IsInherited":true}],"ObjectIdentifier":"EFC0FF40-5C13-43F3-A8C1-002B8CFC3296","IsDeleted":false,"IsACLProtected":false},{"Properties":{"domain":"DM.COM","name":"PSPS@DM.COM","distinguishedname":"CN=PSPS,CN=SYSTEM,DC=DM,DC=COM","domainsid":"S-1-5-21-1606558351-3154278411-2097635151","highvalue":false},"ChildObjects":[],"Aces":[{"PrincipalSID":"S-1-5-21-1606558351-3154278411-2097635151-512","PrincipalType":"Group","RightName":"Owns","IsInherited":false},{"PrincipalSID":"S-1-5-21-1606558351-3154278411-2097635151-512","PrincipalType":"Group","RightName":"GenericAll","IsInherited":false},{"PrincipalSID":"S-1-5-21-1606558351-3154278411-2097635151-519","PrincipalType":"Group","RightName":"GenericAll","IsInherited":true},{"PrincipalSID":"S-1-5-21-1606558351-3154278411-2097635151-2587","PrincipalType":"User","RightName":"GenericAll","IsInherited":true},{"PrincipalSID":"S-1-5-21-1606558351-3154278411-2097635151-4138","PrincipalType":"Computer","RightName":"GenericAll","IsInherited":true},{"PrincipalSID":"DM.COM-S-1-5-32-544","PrincipalType":"Group","RightName":"WriteDacl","IsInherited":true},{"PrincipalSID":"DM.COM-S-1-5-32-544","PrincipalType":"Group","RightName":"WriteOwner","IsInherited":true}],"ObjectIdentifier":"C43B0C12-F54D-46A7-894E-39B7D9DA1966","IsDeleted":false,"IsACLProtected":false},{"Properties":{"domain":"DM.COM","name":"MEETINGS@DM.COM","distinguishedname":"CN=MEETINGS,CN=SYSTEM,DC=DM,DC=COM","domainsid":"S-1-5-21-1606558351-3154278411-2097635151","highvalue":false},"ChildObjects":[],"Aces":[{"PrincipalSID":"S-1-5-21-1606558351-3154278411-2097635151-512","PrincipalType":"Group","RightName":"Owns","IsInherited":false},{"PrincipalSID":"S-1-5-21-1606558351-3154278411-2097635151-512","PrincipalType":"Group","RightName":"WriteDacl","IsInherited":false},{"PrincipalSID":"S-1-5-21-1606558351-3154278411-2097635151-512","PrincipalType":"Group","RightName":"WriteOwner","IsInherited":false},{"PrincipalSID":"S-1-5-21-1606558351-3154278411-2097635151-519","PrincipalType":"Group","RightName":"GenericAll","IsInherited":true},{"PrincipalSID":"S-1-5-21-1606558351-3154278411-2097635151-2587","PrincipalType":"User","RightName":"GenericAll","IsInherited":true},{"PrincipalSID":"S-1-5-21-1606558351-3154278411-2097635151-4138","PrincipalType":"Computer","RightName":"GenericAll","IsInherited":true},{"PrincipalSID":"DM.COM-S-1-5-32-544","PrincipalType":"Group","RightName":"WriteDacl","IsInherited":true},{"PrincipalSID":"DM.COM-S-1-5-32-544","PrincipalType":"Group","RightName":"WriteOwner","IsInherited":true}],"ObjectIdentifier":"5A28476E-9119-45E5-9573-1D6E8B96B87B","IsDeleted":false,"IsACLProtected":false},{"Properties":{"domain":"DM.COM","name":"MICROSOFT@DM.COM","distinguishedname":"CN=MICROSOFT,CN=PROGRAM DATA,DC=DM,DC=COM","domainsid":"S-1-5-21-1606558351-3154278411-2097635151","highvalue":false},"ChildObjects":[],"Aces":[{"PrincipalSID":"S-1-5-21-1606558351-3154278411-2097635151-512","PrincipalType":"Group","RightName":"Owns","IsInherited":false},{"PrincipalSID":"S-1-5-21-1606558351-3154278411-2097635151-512","PrincipalType":"Group","RightName":"GenericAll","IsInherited":false},{"PrincipalSID":"S-1-5-21-1606558351-3154278411-2097635151-519","PrincipalType":"Group","RightName":"GenericAll","IsInherited":true},{"PrincipalSID":"S-1-5-21-1606558351-3154278411-2097635151-2587","PrincipalType":"User","RightName":"GenericAll","IsInherited":true},{"PrincipalSID":"S-1-5-21-1606558351-3154278411-2097635151-4138","PrincipalType":"Computer","RightName":"GenericAll","IsInherited":true},{"PrincipalSID":"DM.COM-S-1-5-32-544","PrincipalType":"Group","RightName":"WriteDacl","IsInherited":true},{"PrincipalSID":"DM.COM-S-1-5-32-544","PrincipalType":"Group","RightName":"WriteOwner","IsInherited":true}],"ObjectIdentifier":"EA36DF27-9BDF-4656-BF57-F36B3DF343E9","IsDeleted":false,"IsACLProtected":false},{"Properties":{"domain":"DM.COM","name":"WMIGPO@DM.COM","distinguishedname":"CN=WMIGPO,CN=WMIPOLICY,CN=SYSTEM,DC=DM,DC=COM","domainsid":"S-1-5-21-1606558351-3154278411-2097635151","highvalue":false},"ChildObjects":[],"Aces":[{"PrincipalSID":"S-1-5-21-1606558351-3154278411-2097635151-512","PrincipalType":"Group","RightName":"Owns","IsInherited":false},{"PrincipalSID":"S-1-5-21-1606558351-3154278411-2097635151-512","PrincipalType":"Group","RightName":"WriteDacl","IsInherited":false},{"PrincipalSID":"S-1-5-21-1606558351-3154278411-2097635151-512","PrincipalType":"Group","RightName":"WriteOwner","IsInherited":false},{"PrincipalSID":"S-1-5-21-1606558351-3154278411-2097635151-519","PrincipalType":"Group","RightName":"GenericAll","IsInherited":true},{"PrincipalSID":"S-1-5-21-1606558351-3154278411-2097635151-512","PrincipalType":"Group","RightName":"GenericAll","IsInherited":true}],"ObjectIdentifier":"043AC243-EC68-4952-87E7-E33379413DD2","IsDeleted":false,"IsACLProtected":false},{"Properties":{"domain":"DM.COM","name":"POLICYTYPE@DM.COM","distinguishedname":"CN=POLICYTYPE,CN=WMIPOLICY,CN=SYSTEM,DC=DM,DC=COM","domainsid":"S-1-5-21-1606558351-3154278411-2097635151","highvalue":false},"ChildObjects":[],"Aces":[{"PrincipalSID":"S-1-5-21-1606558351-3154278411-2097635151-512","PrincipalType":"Group","RightName":"Owns","IsInherited":false},{"PrincipalSID":"S-1-5-21-1606558351-3154278411-2097635151-512","PrincipalType":"Group","RightName":"WriteDacl","IsInherited":false},{"PrincipalSID":"S-1-5-21-1606558351-3154278411-2097635151-512","PrincipalType":"Group","RightName":"WriteOwner","IsInherited":false},{"PrincipalSID":"S-1-5-21-1606558351-3154278411-2097635151-519","PrincipalType":"Group","RightName":"GenericAll","IsInherited":true},{"PrincipalSID":"S-1-5-21-1606558351-3154278411-2097635151-512","PrincipalType":"Group","RightName":"GenericAll","IsInherited":true}],"ObjectIdentifier":"02187A9E-6E19-4085-AC6D-5C1B408454D1","IsDeleted":false,"IsACLProtected":false},{"Properties":{"domain":"DM.COM","name":"COMPUTERS@DM.COM","distinguishedname":"CN=COMPUTERS,DC=DM,DC=COM","domainsid":"S-1-5-21-1606558351-3154278411-2097635151","highvalue":false},"ChildObjects":[],"Aces":[{"PrincipalSID":"S-1-5-21-1606558351-3154278411-2097635151-512","PrincipalType":"Group","RightName":"Owns","IsInherited":false},{"PrincipalSID":"S-1-5-21-1606558351-3154278411-2097635151-512","PrincipalType":"Group","RightName":"WriteDacl","IsInherited":false},{"PrincipalSID":"S-1-5-21-1606558351-3154278411-2097635151-512","PrincipalType":"Group","RightName":"WriteOwner","IsInherited":false},{"PrincipalSID":"S-1-5-21-1606558351-3154278411-2097635151-519","PrincipalType":"Group","RightName":"GenericAll","IsInherited":true},{"PrincipalSID":"S-1-5-21-1606558351-3154278411-2097635151-2587","PrincipalType":"User","RightName":"GenericAll","IsInherited":true},{"PrincipalSID":"S-1-5-21-1606558351-3154278411-2097635151-4138","PrincipalType":"Computer","RightName":"GenericAll","IsInherited":true},{"PrincipalSID":"DM.COM-S-1-5-32-544","PrincipalType":"Group","RightName":"WriteDacl","IsInherited":true},{"PrincipalSID":"DM.COM-S-1-5-32-544","PrincipalType":"Group","RightName":"WriteOwner","IsInherited":true}],"ObjectIdentifier":"E35D852A-5AF0-4D7F-A7A5-5380063D2919","IsDeleted":false,"IsACLProtected":false},{"Properties":{"domain":"DM.COM","name":"POLICIES@DM.COM","distinguishedname":"CN=POLICIES,CN=SYSTEM,DC=DM,DC=COM","domainsid":"S-1-5-21-1606558351-3154278411-2097635151","highvalue":false},"ChildObjects":[],"Aces":[{"PrincipalSID":"S-1-5-21-1606558351-3154278411-2097635151-512","PrincipalType":"Group","RightName":"Owns","IsInherited":false},{"PrincipalSID":"S-1-5-21-1606558351-3154278411-2097635151-512","PrincipalType":"Group","RightName":"WriteDacl","IsInherited":false},{"PrincipalSID":"S-1-5-21-1606558351-3154278411-2097635151-512","PrincipalType":"Group","RightName":"WriteOwner","IsInherited":false},{"PrincipalSID":"S-1-5-21-1606558351-3154278411-2097635151-519","PrincipalType":"Group","RightName":"GenericAll","IsInherited":true},{"PrincipalSID":"S-1-5-21-1606558351-3154278411-2097635151-2587","PrincipalType":"User","RightName":"GenericAll","IsInherited":true},{"PrincipalSID":"S-1-5-21-1606558351-3154278411-2097635151-4138","PrincipalType":"Computer","RightName":"GenericAll","IsInherited":true},{"PrincipalSID":"DM.COM-S-1-5-32-544","PrincipalType":"Group","RightName":"WriteDacl","IsInherited":true},{"PrincipalSID":"DM.COM-S-1-5-32-544","PrincipalType":"Group","RightName":"WriteOwner","IsInherited":true}],"ObjectIdentifier":"C5718163-5D88-4CFC-8A44-4BC1A97CE5A6","IsDeleted":false,"IsACLProtected":false},{"Properties":{"domain":"DM.COM","name":"WINSOCKSERVICES@DM.COM","distinguishedname":"CN=WINSOCKSERVICES,CN=SYSTEM,DC=DM,DC=COM","domainsid":"S-1-5-21-1606558351-3154278411-2097635151","highvalue":false},"ChildObjects":[],"Aces":[{"PrincipalSID":"S-1-5-21-1606558351-3154278411-2097635151-512","PrincipalType":"Group","RightName":"Owns","IsInherited":false},{"PrincipalSID":"S-1-5-21-1606558351-3154278411-2097635151-512","PrincipalType":"Group","RightName":"WriteDacl","IsInherited":false},{"PrincipalSID":"S-1-5-21-1606558351-3154278411-2097635151-512","PrincipalType":"Group","RightName":"WriteOwner","IsInherited":false},{"PrincipalSID":"S-1-5-21-1606558351-3154278411-2097635151-519","PrincipalType":"Group","RightName":"GenericAll","IsInherited":true},{"PrincipalSID":"S-1-5-21-1606558351-3154278411-2097635151-2587","PrincipalType":"User","RightName":"GenericAll","IsInherited":true},{"PrincipalSID":"S-1-5-21-1606558351-3154278411-2097635151-4138","PrincipalType":"Computer","RightName":"GenericAll","IsInherited":true},{"PrincipalSID":"DM.COM-S-1-5-32-544","PrincipalType":"Group","RightName":"WriteDacl","IsInherited":true},{"PrincipalSID":"DM.COM-S-1-5-32-544","PrincipalType":"Group","RightName":"WriteOwner","IsInherited":true}],"ObjectIdentifier":"C6B2B3D1-1A47-4E3E-92F7-C7CA8389F584","IsDeleted":false,"IsACLProtected":false},{"Properties":{"domain":"DM.COM","name":"COMPARTITIONS@DM.COM","distinguishedname":"CN=COMPARTITIONS,CN=SYSTEM,DC=DM,DC=COM","domainsid":"S-1-5-21-1606558351-3154278411-2097635151","highvalue":false},"ChildObjects":[],"Aces":[{"PrincipalSID":"S-1-5-21-1606558351-3154278411-2097635151-512","PrincipalType":"Group","RightName":"Owns","IsInherited":false},{"PrincipalSID":"S-1-5-21-1606558351-3154278411-2097635151-512","PrincipalType":"Group","RightName":"WriteDacl","IsInherited":false},{"PrincipalSID":"S-1-5-21-1606558351-3154278411-2097635151-512","PrincipalType":"Group","RightName":"WriteOwner","IsInherited":false},{"PrincipalSID":"S-1-5-21-1606558351-3154278411-2097635151-519","PrincipalType":"Group","RightName":"GenericAll","IsInherited":true},{"PrincipalSID":"S-1-5-21-1606558351-3154278411-2097635151-2587","PrincipalType":"User","RightName":"GenericAll","IsInherited":true},{"PrincipalSID":"S-1-5-21-1606558351-3154278411-2097635151-4138","PrincipalType":"Computer","RightName":"GenericAll","IsInherited":true},{"PrincipalSID":"DM.COM-S-1-5-32-544","PrincipalType":"Group","RightName":"WriteDacl","IsInherited":true},{"PrincipalSID":"DM.COM-S-1-5-32-544","PrincipalType":"Group","RightName":"WriteOwner","IsInherited":true}],"ObjectIdentifier":"E872C469-0256-4BC6-87B0-B48AA7488B9B","IsDeleted":false,"IsACLProtected":false},{"Properties":{"domain":"DM.COM","name":"KEYS@DM.COM","distinguishedname":"CN=KEYS,DC=DM,DC=COM","domainsid":"S-1-5-21-1606558351-3154278411-2097635151","highvalue":false},"ChildObjects":[],"Aces":[{"PrincipalSID":"S-1-5-21-1606558351-3154278411-2097635151-512","PrincipalType":"Group","RightName":"Owns","IsInherited":false},{"PrincipalSID":"DM.COM-S-1-5-9","PrincipalType":"Group","RightName":"GenericAll","IsInherited":false},{"PrincipalSID":"S-1-5-21-1606558351-3154278411-2097635151-512","PrincipalType":"Group","RightName":"GenericAll","IsInherited":false},{"PrincipalSID":"S-1-5-21-1606558351-3154278411-2097635151-516","PrincipalType":"Group","RightName":"GenericAll","IsInherited":false},{"PrincipalSID":"S-1-5-21-1606558351-3154278411-2097635151-519","PrincipalType":"Group","RightName":"GenericAll","IsInherited":false},{"PrincipalSID":"S-1-5-21-1606558351-3154278411-2097635151-526","PrincipalType":"Group","RightName":"GenericAll","IsInherited":false},{"PrincipalSID":"S-1-5-21-1606558351-3154278411-2097635151-527","PrincipalType":"Group","RightName":"GenericAll","IsInherited":false}],"ObjectIdentifier":"2EB909A3-2898-4CD2-BAF4-95DDE66D1155","IsDeleted":false,"IsACLProtected":true},{"Properties":{"domain":"DM.COM","name":"MANAGED SERVICE ACCOUNTS@DM.COM","distinguishedname":"CN=MANAGED SERVICE ACCOUNTS,DC=DM,DC=COM","domainsid":"S-1-5-21-1606558351-3154278411-2097635151","highvalue":false},"ChildObjects":[],"Aces":[{"PrincipalSID":"S-1-5-21-1606558351-3154278411-2097635151-512","PrincipalType":"Group","RightName":"Owns","IsInherited":false},{"PrincipalSID":"S-1-5-21-1606558351-3154278411-2097635151-512","PrincipalType":"Group","RightName":"WriteDacl","IsInherited":false},{"PrincipalSID":"S-1-5-21-1606558351-3154278411-2097635151-512","PrincipalType":"Group","RightName":"WriteOwner","IsInherited":false},{"PrincipalSID":"S-1-5-21-1606558351-3154278411-2097635151-519","PrincipalType":"Group","RightName":"GenericAll","IsInherited":true},{"PrincipalSID":"S-1-5-21-1606558351-3154278411-2097635151-2587","PrincipalType":"User","RightName":"GenericAll","IsInherited":true},{"PrincipalSID":"S-1-5-21-1606558351-3154278411-2097635151-4138","PrincipalType":"Computer","RightName":"GenericAll","IsInherited":true},{"PrincipalSID":"DM.COM-S-1-5-32-544","PrincipalType":"Group","RightName":"WriteDacl","IsInherited":true},{"PrincipalSID":"DM.COM-S-1-5-32-544","PrincipalType":"Group","RightName":"WriteOwner","IsInherited":true}],"ObjectIdentifier":"FF19F4D6-3E51-4A5C-AE40-F66CAF515711","IsDeleted":false,"IsACLProtected":false},{"Properties":{"domain":"DM.COM","name":"PROGRAM DATA@DM.COM","distinguishedname":"CN=PROGRAM DATA,DC=DM,DC=COM","domainsid":"S-1-5-21-1606558351-3154278411-2097635151","highvalue":false},"ChildObjects":[],"Aces":[{"PrincipalSID":"S-1-5-21-1606558351-3154278411-2097635151-512","PrincipalType":"Group","RightName":"Owns","IsInherited":false},{"PrincipalSID":"S-1-5-21-1606558351-3154278411-2097635151-512","PrincipalType":"Group","RightName":"GenericAll","IsInherited":false},{"PrincipalSID":"S-1-5-21-1606558351-3154278411-2097635151-519","PrincipalType":"Group","RightName":"GenericAll","IsInherited":true},{"PrincipalSID":"S-1-5-21-1606558351-3154278411-2097635151-2587","PrincipalType":"User","RightName":"GenericAll","IsInherited":true},{"PrincipalSID":"S-1-5-21-1606558351-3154278411-2097635151-4138","PrincipalType":"Computer","RightName":"GenericAll","IsInherited":true},{"PrincipalSID":"DM.COM-S-1-5-32-544","PrincipalType":"Group","RightName":"WriteDacl","IsInherited":true},{"PrincipalSID":"DM.COM-S-1-5-32-544","PrincipalType":"Group","RightName":"WriteOwner","IsInherited":true}],"ObjectIdentifier":"BE32EA08-D8BE-4BB3-9928-7E56908D36D7","IsDeleted":false,"IsACLProtected":false},{"Properties":{"domain":"DM.COM","name":"POLICYTEMPLATE@DM.COM","distinguishedname":"CN=POLICYTEMPLATE,CN=WMIPOLICY,CN=SYSTEM,DC=DM,DC=COM","domainsid":"S-1-5-21-1606558351-3154278411-2097635151","highvalue":false},"ChildObjects":[],"Aces":[{"PrincipalSID":"S-1-5-21-1606558351-3154278411-2097635151-512","PrincipalType":"Group","RightName":"Owns","IsInherited":false},{"PrincipalSID":"S-1-5-21-1606558351-3154278411-2097635151-512","PrincipalType":"Group","RightName":"WriteDacl","IsInherited":false},{"PrincipalSID":"S-1-5-21-1606558351-3154278411-2097635151-512","PrincipalType":"Group","RightName":"WriteOwner","IsInherited":false},{"PrincipalSID":"S-1-5-21-1606558351-3154278411-2097635151-519","PrincipalType":"Group","RightName":"GenericAll","IsInherited":true},{"PrincipalSID":"S-1-5-21-1606558351-3154278411-2097635151-512","PrincipalType":"Group","RightName":"GenericAll","IsInherited":true}],"ObjectIdentifier":"18D2F691-2ED8-457A-B6F1-8E6FF682088E","IsDeleted":false,"IsACLProtected":false},{"Properties":{"domain":"DM.COM","name":"WMIPOLICY@DM.COM","distinguishedname":"CN=WMIPOLICY,CN=SYSTEM,DC=DM,DC=COM","domainsid":"S-1-5-21-1606558351-3154278411-2097635151","highvalue":false},"ChildObjects":[],"Aces":[{"PrincipalSID":"S-1-5-21-1606558351-3154278411-2097635151-512","PrincipalType":"Group","RightName":"Owns","IsInherited":false},{"PrincipalSID":"S-1-5-21-1606558351-3154278411-2097635151-512","PrincipalType":"Group","RightName":"GenericAll","IsInherited":false},{"PrincipalSID":"S-1-5-21-1606558351-3154278411-2097635151-519","PrincipalType":"Group","RightName":"GenericAll","IsInherited":false}],"ObjectIdentifier":"00FFB1C1-634A-48D5-AC0D-7523ABEDE477","IsDeleted":false,"IsACLProtected":true},{"Properties":{"domain":"DM.COM","name":"MICROSOFTDNS@DM.COM","distinguishedname":"CN=MICROSOFTDNS,CN=SYSTEM,DC=DM,DC=COM","domainsid":"S-1-5-21-1606558351-3154278411-2097635151","highvalue":false},"ChildObjects":[],"Aces":[{"PrincipalSID":"DM.COM-S-1-5-9","PrincipalType":"Group","RightName":"WriteDacl","IsInherited":false},{"PrincipalSID":"DM.COM-S-1-5-9","PrincipalType":"Group","RightName":"WriteOwner","IsInherited":false},{"PrincipalSID":"S-1-5-21-1606558351-3154278411-2097635151-512","PrincipalType":"Group","RightName":"GenericAll","IsInherited":false},{"PrincipalSID":"S-1-5-21-1606558351-3154278411-2097635151-1101","PrincipalType":"Group","RightName":"WriteDacl","IsInherited":false},{"PrincipalSID":"S-1-5-21-1606558351-3154278411-2097635151-1101","PrincipalType":"Group","RightName":"WriteOwner","IsInherited":false},{"PrincipalSID":"S-1-5-21-1606558351-3154278411-2097635151-519","PrincipalType":"Group","RightName":"GenericAll","IsInherited":true},{"PrincipalSID":"S-1-5-21-1606558351-3154278411-2097635151-2587","PrincipalType":"User","RightName":"GenericAll","IsInherited":true},{"PrincipalSID":"S-1-5-21-1606558351-3154278411-2097635151-4138","PrincipalType":"Computer","RightName":"GenericAll","IsInherited":true},{"PrincipalSID":"DM.COM-S-1-5-32-544","PrincipalType":"Group","RightName":"WriteDacl","IsInherited":true},{"PrincipalSID":"DM.COM-S-1-5-32-544","PrincipalType":"Group","RightName":"WriteOwner","IsInherited":true}],"ObjectIdentifier":"52B7AEEC-4D06-4CA8-95C4-BB401DE36A88","IsDeleted":false,"IsACLProtected":false},{"Properties":{"domain":"DM.COM","name":"IP SECURITY@DM.COM","distinguishedname":"CN=IP SECURITY,CN=SYSTEM,DC=DM,DC=COM","domainsid":"S-1-5-21-1606558351-3154278411-2097635151","highvalue":false},"ChildObjects":[],"Aces":[{"PrincipalSID":"S-1-5-21-1606558351-3154278411-2097635151-512","PrincipalType":"Group","RightName":"Owns","IsInherited":false},{"PrincipalSID":"S-1-5-21-1606558351-3154278411-2097635151-512","PrincipalType":"Group","RightName":"WriteDacl","IsInherited":false},{"PrincipalSID":"S-1-5-21-1606558351-3154278411-2097635151-512","PrincipalType":"Group","RightName":"WriteOwner","IsInherited":false},{"PrincipalSID":"S-1-5-21-1606558351-3154278411-2097635151-519","PrincipalType":"Group","RightName":"GenericAll","IsInherited":true},{"PrincipalSID":"S-1-5-21-1606558351-3154278411-2097635151-2587","PrincipalType":"User","RightName":"GenericAll","IsInherited":true},{"PrincipalSID":"S-1-5-21-1606558351-3154278411-2097635151-4138","PrincipalType":"Computer","RightName":"GenericAll","IsInherited":true},{"PrincipalSID":"DM.COM-S-1-5-32-544","PrincipalType":"Group","RightName":"WriteDacl","IsInherited":true},{"PrincipalSID":"DM.COM-S-1-5-32-544","PrincipalType":"Group","RightName":"WriteOwner","IsInherited":true}],"ObjectIdentifier":"A45E7A95-44A8-428F-A8E9-42C31A6C15DB","IsDeleted":false,"IsACLProtected":false},{"Properties":{"domain":"DM.COM","name":"SOM@DM.COM","distinguishedname":"CN=SOM,CN=WMIPOLICY,CN=SYSTEM,DC=DM,DC=COM","domainsid":"S-1-5-21-1606558351-3154278411-2097635151","highvalue":false},"ChildObjects":[],"Aces":[{"PrincipalSID":"S-1-5-21-1606558351-3154278411-2097635151-512","PrincipalType":"Group","RightName":"Owns","IsInherited":false},{"PrincipalSID":"S-1-5-21-1606558351-3154278411-2097635151-512","PrincipalType":"Group","RightName":"GenericAll","IsInherited":false},{"PrincipalSID":"S-1-5-21-1606558351-3154278411-2097635151-519","PrincipalType":"Group","RightName":"GenericAll","IsInherited":false}],"ObjectIdentifier":"555D3978-955A-4CE0-B8B5-8439B3418E62","IsDeleted":false,"IsACLProtected":true},{"Properties":{"domain":"DM.COM","name":"SYSTEM@DM.COM","distinguishedname":"CN=SYSTEM,DC=DM,DC=COM","domainsid":"S-1-5-21-1606558351-3154278411-2097635151","highvalue":false},"ChildObjects":[],"Aces":[{"PrincipalSID":"S-1-5-21-1606558351-3154278411-2097635151-512","PrincipalType":"Group","RightName":"Owns","IsInherited":false},{"PrincipalSID":"S-1-5-21-1606558351-3154278411-2097635151-512","PrincipalType":"Group","RightName":"WriteDacl","IsInherited":false},{"PrincipalSID":"S-1-5-21-1606558351-3154278411-2097635151-512","PrincipalType":"Group","RightName":"WriteOwner","IsInherited":false},{"PrincipalSID":"S-1-5-21-1606558351-3154278411-2097635151-519","PrincipalType":"Group","RightName":"GenericAll","IsInherited":true},{"PrincipalSID":"S-1-5-21-1606558351-3154278411-2097635151-2587","PrincipalType":"User","RightName":"GenericAll","IsInherited":true},{"PrincipalSID":"S-1-5-21-1606558351-3154278411-2097635151-4138","PrincipalType":"Computer","RightName":"GenericAll","IsInherited":true},{"PrincipalSID":"DM.COM-S-1-5-32-544","PrincipalType":"Group","RightName":"WriteDacl","IsInherited":true},{"PrincipalSID":"DM.COM-S-1-5-32-544","PrincipalType":"Group","RightName":"WriteOwner","IsInherited":true}],"ObjectIdentifier":"B840D6AD-8664-4FD5-B611-33527169ABAC","IsDeleted":false,"IsACLProtected":false},{"Properties":{"domain":"DM.COM","name":"USERS@DM.COM","distinguishedname":"CN=USERS,DC=DM,DC=COM","domainsid":"S-1-5-21-1606558351-3154278411-2097635151","highvalue":false},"ChildObjects":[{"ObjectIdentifier":"S-1-5-21-1606558351-3154278411-2097635151-500","ObjectType":"User"},{"ObjectIdentifier":"S-1-5-21-1606558351-3154278411-2097635151-571","ObjectType":"Group"},{"ObjectIdentifier":"S-1-5-21-1606558351-3154278411-2097635151-517","ObjectType":"Group"},{"ObjectIdentifier":"S-1-5-21-1606558351-3154278411-2097635151-522","ObjectType":"Group"},{"ObjectIdentifier":"S-1-5-21-1606558351-3154278411-2097635151-572","ObjectType":"Group"},{"ObjectIdentifier":"S-1-5-21-1606558351-3154278411-2097635151-1101","ObjectType":"Group"},{"ObjectIdentifier":"S-1-5-21-1606558351-3154278411-2097635151-1102","ObjectType":"Group"},{"ObjectIdentifier":"S-1-5-21-1606558351-3154278411-2097635151-512","ObjectType":"Group"},{"ObjectIdentifier":"S-1-5-21-1606558351-3154278411-2097635151-515","ObjectType":"Group"},{"ObjectIdentifier":"S-1-5-21-1606558351-3154278411-2097635151-516","ObjectType":"Group"},{"ObjectIdentifier":"S-1-5-21-1606558351-3154278411-2097635151-514","ObjectType":"Group"},{"ObjectIdentifier":"S-1-5-21-1606558351-3154278411-2097635151-513","ObjectType":"Group"},{"ObjectIdentifier":"S-1-5-21-1606558351-3154278411-2097635151-519","ObjectType":"Group"},{"ObjectIdentifier":"S-1-5-21-1606558351-3154278411-2097635151-527","ObjectType":"Group"},{"ObjectIdentifier":"S-1-5-21-1606558351-3154278411-2097635151-498","ObjectType":"Group"},{"ObjectIdentifier":"S-1-5-21-1606558351-3154278411-2097635151-520","ObjectType":"Group"},{"ObjectIdentifier":"S-1-5-21-1606558351-3154278411-2097635151-501","ObjectType":"User"},{"ObjectIdentifier":"S-1-5-21-1606558351-3154278411-2097635151-526","ObjectType":"Group"},{"ObjectIdentifier":"S-1-5-21-1606558351-3154278411-2097635151-502","ObjectType":"User"},{"ObjectIdentifier":"S-1-5-21-1606558351-3154278411-2097635151-525","ObjectType":"Group"},{"ObjectIdentifier":"S-1-5-21-1606558351-3154278411-2097635151-553","ObjectType":"Group"},{"ObjectIdentifier":"S-1-5-21-1606558351-3154278411-2097635151-521","ObjectType":"Group"},{"ObjectIdentifier":"S-1-5-21-1606558351-3154278411-2097635151-518","ObjectType":"Group"}],"Aces":[{"PrincipalSID":"S-1-5-21-1606558351-3154278411-2097635151-512","PrincipalType":"Group","RightName":"Owns","IsInherited":false},{"PrincipalSID":"S-1-5-21-1606558351-3154278411-2097635151-512","PrincipalType":"Group","RightName":"WriteDacl","IsInherited":false},{"PrincipalSID":"S-1-5-21-1606558351-3154278411-2097635151-512","PrincipalType":"Group","RightName":"WriteOwner","IsInherited":false},{"PrincipalSID":"S-1-5-21-1606558351-3154278411-2097635151-519","PrincipalType":"Group","RightName":"GenericAll","IsInherited":true},{"PrincipalSID":"S-1-5-21-1606558351-3154278411-2097635151-2587","PrincipalType":"User","RightName":"GenericAll","IsInherited":true},{"PrincipalSID":"S-1-5-21-1606558351-3154278411-2097635151-4138","PrincipalType":"Computer","RightName":"GenericAll","IsInherited":true},{"PrincipalSID":"DM.COM-S-1-5-32-544","PrincipalType":"Group","RightName":"WriteDacl","IsInherited":true},{"PrincipalSID":"DM.COM-S-1-5-32-544","PrincipalType":"Group","RightName":"WriteOwner","IsInherited":true}],"ObjectIdentifier":"B47B06D6-04FA-4655-8770-BA03F29A3D32","IsDeleted":false,"IsACLProtected":false}],"meta":{"methods":29675,"type":"containers","count":24,"version":5}}