﻿{"data":[{"GPOChanges":{"LocalAdmins":[],"RemoteDesktopUsers":[],"DcomUsers":[],"PSRemoteUsers":[],"AffectedComputers":[]},"Properties":{"domain":"DM.COM","name":"DM.COM","distinguishedname":"DC=DM,DC=COM","domainsid":"S-1-5-21-1606558351-3154278411-2097635151","highvalue":true,"description":null,"whencreated":1682165569,"functionallevel":"2016"},"ChildObjects":[{"ObjectIdentifier":"743513DC-B095-4B95-9801-A5F4C5536AF1","ObjectType":"OU"},{"ObjectIdentifier":"BEB2FFAC-11B6-461F-BDFD-C8D1348DA872","ObjectType":"OU"},{"ObjectIdentifier":"E35D852A-5AF0-4D7F-A7A5-5380063D2919","ObjectType":"Container"},{"ObjectIdentifier":"136809C0-EF2E-4E87-A027-3ADE812D8A7F","ObjectType":"OU"},{"ObjectIdentifier":"4A66C7BE-B114-4945-A208-B1C3D0233609","ObjectType":"Container"},{"ObjectIdentifier":"7AC976C6-3F8D-432D-A0AA-098658A88D7D","ObjectType":"OU"},{"ObjectIdentifier":"2EB909A3-2898-4CD2-BAF4-95DDE66D1155","ObjectType":"Container"},{"ObjectIdentifier":"FF19F4D6-3E51-4A5C-AE40-F66CAF515711","ObjectType":"Container"},{"ObjectIdentifier":"70B8BD30-DFBB-4832-B0CE-FA14D2795F1B","ObjectType":"OU"},{"ObjectIdentifier":"A57FD823-4A78-4E38-825D-994DD5A0FC02","ObjectType":"OU"},{"ObjectIdentifier":"48CD18E8-69FE-4DB3-AB7E-05FBB125EBB8","ObjectType":"OU"},{"ObjectIdentifier":"71245043-F2A8-4D48-8E43-2D5366F98496","ObjectType":"OU"},{"ObjectIdentifier":"774E10EB-8FC6-4700-A5E0-2E50F7D4C8DE","ObjectType":"OU"},{"ObjectIdentifier":"E4C0BADB-9E2B-49E0-9C04-05FAF595263E","ObjectType":"OU"},{"ObjectIdentifier":"B47B06D6-04FA-4655-8770-BA03F29A3D32","ObjectType":"Container"}],"Trusts":[],"Links":[{"IsEnforced":false,"GUID":"85CE528F-8241-4477-BBF8-68C3BA20502B"}],"Aces":[{"PrincipalSID":"DM.COM-S-1-5-32-544","PrincipalType":"Group","RightName":"Owns","IsInherited":false},{"PrincipalSID":"DM.COM-S-1-5-32-544","PrincipalType":"Group","RightName":"WriteDacl","IsInherited":false},{"PrincipalSID":"DM.COM-S-1-5-32-544","PrincipalType":"Group","RightName":"WriteOwner","IsInherited":false},{"PrincipalSID":"DM.COM-S-1-5-32-544","PrincipalType":"Group","RightName":"AllExtendedRights","IsInherited":false},{"PrincipalSID":"S-1-5-21-1606558351-3154278411-2097635151-512","PrincipalType":"Group","RightName":"WriteDacl","IsInherited":false},{"PrincipalSID":"S-1-5-21-1606558351-3154278411-2097635151-512","PrincipalType":"Group","RightName":"WriteOwner","IsInherited":false},{"PrincipalSID":"S-1-5-21-1606558351-3154278411-2097635151-512","PrincipalType":"Group","RightName":"AllExtendedRights","IsInherited":false},{"PrincipalSID":"S-1-5-21-1606558351-3154278411-2097635151-519","PrincipalType":"Group","RightName":"GenericAll","IsInherited":false},{"PrincipalSID":"DM.COM-S-1-5-9","PrincipalType":"Group","RightName":"GetChanges","IsInherited":false},{"PrincipalSID":"DM.COM-S-1-5-9","PrincipalType":"Group","RightName":"GetChangesInFilteredSet","IsInherited":false},{"PrincipalSID":"DM.COM-S-1-5-32-544","PrincipalType":"Group","RightName":"GetChanges","IsInherited":false},{"PrincipalSID":"DM.COM-S-1-5-32-544","PrincipalType":"Group","RightName":"GetChangesAll","IsInherited":false},{"PrincipalSID":"DM.COM-S-1-5-32-544","PrincipalType":"Group","RightName":"GetChangesInFilteredSet","IsInherited":false},{"PrincipalSID":"S-1-5-21-1606558351-3154278411-2097635151-498","PrincipalType":"Group","RightName":"GetChanges","IsInherited":false},{"PrincipalSID":"S-1-5-21-1606558351-3154278411-2097635151-516","PrincipalType":"Group","RightName":"GetChangesAll","IsInherited":false}],"ObjectIdentifier":"S-1-5-21-1606558351-3154278411-2097635151","IsDeleted":false,"IsACLProtected":false}],"meta":{"methods":29675,"type":"domains","count":1,"version":5}}