﻿{"domains":[{"Properties":{"highvalue":true,"name":"SEAMLESS.INTERNAL","domain":"SEAMLESS.INTERNAL","objectid":"S-1-5-21-1271839998-3495686680-2211690266","distinguishedname":"DC=seamless,DC=internal","description":null,"functionallevel":"2016"},"Users":["S-1-5-21-1271839998-3495686680-2211690266-500","S-1-5-21-1271839998-3495686680-2211690266-501","S-1-5-21-1271839998-3495686680-2211690266-503","S-1-5-21-1271839998-3495686680-2211690266-502"],"Computers":[],"ChildOus":["DD9D5FDB-13E5-4C45-9142-58D8F58537F8","470A6011-CAB6-41B5-BC36-0D1074522FD9","F41ED664-D778-4528-9097-DA414BA246CA","81C1B432-EA24-432D-8F4C-34E02EE4505C","8C3E7F80-3CFC-46EA-8922-02A1B8B678E6","62C429D3-DAD5-4990-AF80-FB9FF4F5E2C8","C3EAD69F-23DC-495C-A02F-9F4C282ABED4","D2DDD4AC-8A03-420B-945E-494F3CF4B5B6","99CE7047-9AF4-4037-97CF-AF8BF96CC36A","E5A23B04-8F56-4EB7-BA29-FFDBA0DF86A9"],"Trusts":[],"Links":[{"IsEnforced":false,"Guid":"730EAC8F-4F5B-46F9-8198-8E1CB73694FF"}],"RemoteDesktopUsers":[],"LocalAdmins":[],"DcomUsers":[],"PSRemoteUsers":[],"ObjectIdentifier":"S-1-5-21-1271839998-3495686680-2211690266","Aces":[{"PrincipalSID":"SEAMLESS.INTERNAL-S-1-5-32-544","PrincipalType":"Group","RightName":"Owner","AceType":"","IsInherited":false},{"PrincipalSID":"SEAMLESS.INTERNAL-S-1-5-32-544","PrincipalType":"Group","RightName":"WriteDacl","AceType":"","IsInherited":false},{"PrincipalSID":"SEAMLESS.INTERNAL-S-1-5-32-544","PrincipalType":"Group","RightName":"WriteOwner","AceType":"","IsInherited":false},{"PrincipalSID":"SEAMLESS.INTERNAL-S-1-5-32-544","PrincipalType":"Group","RightName":"ExtendedRight","AceType":"All","IsInherited":false},{"PrincipalSID":"S-1-5-21-1271839998-3495686680-2211690266-512","PrincipalType":"Group","RightName":"WriteDacl","AceType":"","IsInherited":false},{"PrincipalSID":"S-1-5-21-1271839998-3495686680-2211690266-512","PrincipalType":"Group","RightName":"WriteOwner","AceType":"","IsInherited":false},{"PrincipalSID":"S-1-5-21-1271839998-3495686680-2211690266-512","PrincipalType":"Group","RightName":"ExtendedRight","AceType":"All","IsInherited":false},{"PrincipalSID":"S-1-5-21-1271839998-3495686680-2211690266-519","PrincipalType":"Group","RightName":"GenericAll","AceType":"","IsInherited":false},{"PrincipalSID":"SEAMLESS.INTERNAL-S-1-5-9","PrincipalType":"Group","RightName":"ExtendedRight","AceType":"GetChanges","IsInherited":false},{"PrincipalSID":"SEAMLESS.INTERNAL-S-1-5-32-544","PrincipalType":"Group","RightName":"ExtendedRight","AceType":"GetChanges","IsInherited":false},{"PrincipalSID":"SEAMLESS.INTERNAL-S-1-5-32-544","PrincipalType":"Group","RightName":"ExtendedRight","AceType":"GetChangesAll","IsInherited":false},{"PrincipalSID":"S-1-5-21-1271839998-3495686680-2211690266-498","PrincipalType":"Group","RightName":"ExtendedRight","AceType":"GetChanges","IsInherited":false},{"PrincipalSID":"S-1-5-21-1271839998-3495686680-2211690266-516","PrincipalType":"Group","RightName":"ExtendedRight","AceType":"GetChangesAll","IsInherited":false}]}],"meta":{"count":1,"type":"domains","version":3}}